{
  "raw_results": {
    "A549": [
      {
        "run": 0,
        "train_loss": 28.95442962898014,
        "train_mse": 0.1497111115282858,
        "eval_mse": 0.15250233980276587,
        "eval_r2": 0.8495321460070764
      },
      {
        "run": 0,
        "train_loss": 23.83404766587332,
        "train_mse": 0.10923188204687817,
        "eval_mse": 0.11109816179629424,
        "eval_r2": 0.8903839638810327
      },
      {
        "run": 0,
        "train_loss": 25.854305248217738,
        "train_mse": 0.11911718993416157,
        "eval_mse": 0.12022065208799625,
        "eval_r2": 0.88138317386667
      },
      {
        "run": 0,
        "train_loss": 26.751200637354568,
        "train_mse": 0.12810812618268538,
        "eval_mse": 0.13127932117823662,
        "eval_r2": 0.8704720350069095
      }
    ]
  },
  "statistics": {
    "A549": {
      "mean_mse": 0.12877511871632324,
      "std_mse": 0.017841017868037518,
      "mean_r2": 0.8729428296904223,
      "std_r2": 0.01760300645304802,
      "mean_train_loss": 26.348495795106444,
      "std_train_loss": 2.122870386036781,
      "mean_val_loss": NaN,
      "std_val_loss": NaN
    }
  }
}